date,open,high,low,close,volume,value
2025-07-20 09:00:00,1530.0,1600.0,1518.0,1578.0,2284618.44946841,3574235112.059752
2025-07-21 09:00:00,1578.0,1655.0,1555.0,1618.0,3403759.94148129,5454972973.305722
2025-07-22 09:00:00,1618.0,1625.0,1547.0,1613.0,2640311.1354246,4182412199.7824965
2025-07-23 09:00:00,1610.0,1734.0,1479.0,1507.0,9250109.96288178,15034271244.481043
2025-07-24 09:00:00,1507.0,1516.0,1392.0,1446.0,3380719.2269245,4932908858.067154
2025-07-25 09:00:00,1447.0,1835.0,1436.0,1570.0,48518123.91570572,78612566779.64774
2025-07-26 09:00:00,1569.0,1593.0,1509.0,1543.0,4171622.45988118,6420833901.257322
2025-07-27 09:00:00,1543.0,1654.0,1520.0,1562.0,6232712.73835107,9729924435.348846
2025-07-28 09:00:00,1561.0,1562.0,1485.0,1494.0,2516791.95496619,3853348045.286713
2025-07-29 09:00:00,1494.0,1524.0,1452.0,1479.0,2048529.02303958,3033313462.224995
2025-07-30 09:00:00,1479.0,1497.0,1415.0,1460.0,1648486.13996443,2383009020.704705
2025-07-31 09:00:00,1460.0,1481.0,1418.0,1425.0,894037.81199482,1302189981.729649
2025-08-01 09:00:00,1425.0,1429.0,1362.0,1373.0,1629565.07660774,2264192004.030253
2025-08-02 09:00:00,1372.0,1523.0,1362.0,1419.0,10008854.85651987,14491673850.021105
2025-08-03 09:00:00,1419.0,1495.0,1367.0,1446.0,7452083.53464584,10669366509.316992
2025-08-04 09:00:00,1446.0,1524.0,1439.0,1480.0,6234753.8303799,9260151904.368715
2025-08-05 09:00:00,1478.0,1512.0,1425.0,1462.0,3407458.83413345,5013342752.953423
2025-08-06 09:00:00,1467.0,1500.0,1411.0,1470.0,4462789.52553623,6478092310.571761
2025-08-07 09:00:00,1470.0,1500.0,1452.0,1499.0,1571089.90991339,2325494591.1195626
2025-08-08 09:00:00,1498.0,1544.0,1474.0,1538.0,2290154.17177954,3444881656.4399033
2025-08-09 09:00:00,1538.0,1731.0,1530.0,1596.0,35188378.79566869,58123155762.325226
2025-08-10 09:00:00,1596.0,1688.0,1541.0,1586.0,15563435.18388637,25309691385.036774
2025-08-11 09:00:00,1585.0,1645.0,1533.0,1557.0,6008380.12119324,9565188386.698242
2025-08-12 09:00:00,1557.0,1592.0,1524.0,1582.0,3469825.77832625,5404949049.232986
2025-08-13 09:00:00,1580.0,1679.0,1554.0,1659.0,6337061.30636005,10334890250.221596
2025-08-14 09:00:00,1659.0,1668.0,1510.0,1590.0,4644627.05632203,7427351891.20971
2025-08-15 09:00:00,1591.0,1968.0,1586.0,1718.0,69547789.39933829,123029553300.09212
2025-08-16 09:00:00,1717.0,1785.0,1630.0,1679.0,26760075.87956645,45651296257.99895
2025-08-17 09:00:00,1679.0,1765.0,1652.0,1727.0,23249836.99122228,40092436789.845146
2025-08-18 09:00:00,1727.0,2015.0,1654.0,1869.0,73445183.08699168,136823777093.50099
2025-08-19 09:00:00,1869.0,2154.0,1849.0,2005.0,96340566.34322837,194398952482.51584
2025-08-20 09:00:00,2000.0,2070.0,1850.0,1990.0,33116315.05422588,64515859006.6327
2025-08-21 09:00:00,1988.0,2066.0,1875.0,1896.0,18203919.60219383,35752597471.55143
2025-08-22 09:00:00,1896.0,1960.0,1730.0,1900.0,24746006.27890398,45756905413.52052
2025-08-23 09:00:00,1900.0,1987.0,1820.0,1842.0,14039417.95735231,26537803102.0679
2025-08-24 09:00:00,1842.0,1845.0,1746.0,1766.0,6957954.57729552,12429043169.30731
2025-08-25 09:00:00,1766.0,1767.0,1603.0,1637.0,8072482.49289448,13618397737.913218
2025-08-26 09:00:00,1633.0,1780.0,1611.0,1690.0,21330358.7026687,36319046317.017235
2025-08-27 09:00:00,1690.0,1822.0,1676.0,1747.0,17956538.87634548,31251424773.032803
2025-08-28 09:00:00,1744.0,1798.0,1665.0,1693.0,7560688.97298762,12828998824.372625
2025-08-29 09:00:00,1691.0,1693.0,1595.0,1621.0,4652168.88672475,7611324013.343421
2025-08-30 09:00:00,1620.0,1620.0,1560.0,1593.0,2776689.8338496,4417506445.042887
2025-08-31 09:00:00,1590.0,1614.0,1572.0,1574.0,2013889.47845928,3207807405.1833425
2025-09-01 09:00:00,1574.0,1579.0,1509.0,1529.0,2990139.42723501,4615462969.874481
2025-09-02 09:00:00,1529.0,1553.0,1512.0,1546.0,1223284.46891486,1874127638.0172021
2025-09-03 09:00:00,1545.0,1634.0,1527.0,1593.0,3942608.4490048,6284018855.198193
2025-09-04 09:00:00,1593.0,1598.0,1539.0,1558.0,1363790.9767911,2130106171.1666875
2025-09-05 09:00:00,1558.0,1592.0,1536.0,1565.0,1594192.04533338,2484498346.3975925
2025-09-06 09:00:00,1560.0,1564.0,1544.0,1560.0,527545.73534796,819969745.2272072
2025-09-07 09:00:00,1560.0,1565.0,1546.0,1553.0,930895.76940059,1447003876.7122037
2025-09-08 09:00:00,1553.0,1574.0,1532.0,1570.0,1709275.3404305,2651443028.281536
2025-09-09 09:00:00,1568.0,1586.0,1551.0,1561.0,1896557.88657645,2970044008.969365
2025-09-10 09:00:00,1561.0,1580.0,1556.0,1571.0,1450865.72140085,2272388572.8237915
2025-09-11 09:00:00,1571.0,1580.0,1558.0,1571.0,1319671.6175187,2068401616.7379348
2025-09-12 09:00:00,1571.0,1591.0,1563.0,1588.0,1314805.15853769,2068745491.3298526
2025-09-13 09:00:00,1587.0,1620.0,1577.0,1597.0,2187005.33920659,3492261034.644611
2025-09-14 09:00:00,1597.0,1704.0,1597.0,1645.0,14898602.50885686,24617149586.22922
2025-09-15 09:00:00,1641.0,1700.0,1565.0,1577.0,6533798.09735141,10663186631.148588
2025-09-16 09:00:00,1577.0,1589.0,1547.0,1574.0,1131316.94913487,1772280742.9719276
2025-09-17 09:00:00,1574.0,1625.0,1557.0,1586.0,2238116.00094277,3559147052.5856123
2025-09-18 09:00:00,1586.0,1599.0,1577.0,1589.0,1097730.87319597,1741984641.0581675
2025-09-19 09:00:00,1589.0,1600.0,1556.0,1561.0,931323.9289462,1468198917.0057585
2025-09-20 09:00:00,1561.0,1574.0,1556.0,1566.0,503787.76914156,787818495.5984769
2025-09-21 09:00:00,1564.0,1566.0,1526.0,1531.0,1244949.88712046,1926611685.447383
2025-09-22 09:00:00,1531.0,1535.0,1426.0,1448.0,2837498.55603186,4149862400.118342
2025-09-23 09:00:00,1448.0,1450.0,1417.0,1440.0,979670.17622533,1406321181.7562542
2025-09-24 09:00:00,1440.0,1455.0,1419.0,1446.0,645419.89972252,929382690.5830355
2025-09-25 09:00:00,1445.0,1515.0,1370.0,1373.0,3329400.81130583,4784688037.600961
2025-09-26 09:00:00,1374.0,1406.0,1371.0,1402.0,852294.3971658,1181199026.9896472
2025-09-27 09:00:00,1404.0,1410.0,1375.0,1384.0,462982.49323059,642489788.780919
2025-09-28 09:00:00,1384.0,1394.0,1361.0,1393.0,600648.01793296,826928038.1864864
2025-09-29 09:00:00,1392.0,1427.0,1352.0,1363.0,1544468.02445178,2140597805.021643
2025-09-30 09:00:00,1363.0,1482.0,1352.0,1358.0,3446532.57624767,4828261176.508821
2025-10-01 09:00:00,1358.0,1414.0,1353.0,1414.0,963519.17055949,1326084282.9754984
2025-10-02 09:00:00,1414.0,1437.0,1396.0,1430.0,1097530.45435982,1559314458.1242826
2025-10-03 09:00:00,1430.0,1476.0,1410.0,1434.0,2362951.75457621,3407602381.308954
2025-10-04 09:00:00,1435.0,1444.0,1410.0,1427.0,537923.51615079,768868339.0422115
2025-10-05 09:00:00,1429.0,1444.0,1412.0,1421.0,570275.37821458,815919388.4313706
2025-10-06 09:00:00,1420.0,1437.0,1415.0,1424.0,395042.56918308,562953001.3733848
2025-10-07 09:00:00,1424.0,1431.0,1381.0,1386.0,751166.93291391,1055108603.9316407
2025-10-08 09:00:00,1388.0,1450.0,1380.0,1408.0,1911906.36010023,2703967320.51754
2025-10-09 09:00:00,1408.0,1425.0,1389.0,1397.0,672189.99234013,941819528.9128556
2025-10-10 09:00:00,1397.0,1407.0,1145.0,1200.0,2984878.25217402,3851170798.7539244
2025-10-11 09:00:00,1201.0,1289.0,1158.0,1195.0,3082274.98184053,3725215916.9578843
2025-10-12 09:00:00,1199.0,1291.0,1170.0,1287.0,1175726.17552325,1443276889.673828
2025-10-13 09:00:00,1285.0,1340.0,1263.0,1320.0,1008627.14112031,1317165366.7898366
2025-10-14 09:00:00,1320.0,1460.0,1257.0,1297.0,8457085.93097119,11579771261.940237
2025-10-15 09:00:00,1297.0,1419.0,1266.0,1288.0,10512612.83151654,14209263195.964163
2025-10-16 09:00:00,1289.0,1363.0,1223.0,1363.0,4203762.22828058,5429530882.014282
2025-10-17 09:00:00,1360.0,1363.0,1214.0,1301.0,3467537.33075966,4431570441.67464
2025-10-18 09:00:00,1301.0,1328.0,1255.0,1277.0,1281602.00292702,1646272189.8942018
2025-10-19 09:00:00,1275.0,1300.0,1246.0,1278.0,735572.2043979,936066718.3211039
2025-10-20 09:00:00,1277.0,1299.0,1261.0,1273.0,885261.93889289,1135772937.9707584
2025-10-21 09:00:00,1273.0,1286.0,1231.0,1236.0,1200374.46944084,1506386303.1698935
2025-10-22 09:00:00,1234.0,1299.0,1206.0,1220.0,3012736.96706088,3777269970.9146595
2025-10-23 09:00:00,1221.0,1269.0,1213.0,1234.0,2217576.21315128,2745413074.772626
2025-10-24 09:00:00,1233.0,1240.0,1217.0,1227.0,885006.1167935,1084790138.5689995
2025-10-25 09:00:00,1228.0,1231.0,1219.0,1223.0,345864.3652329,423243950.55557054
2025-10-26 09:00:00,1223.0,1247.0,1222.0,1242.0,606499.3389267,748514400.2330446
2025-10-27 09:00:00,1240.0,1253.0,1218.0,1224.0,701355.54938487,865369179.8690171
2025-10-28 09:00:00,1227.0,1267.0,1201.0,1207.0,2001068.4475931,2471360277.2497625
2025-10-29 09:00:00,1210.0,1223.0,1189.0,1204.0,791433.18245918,955024050.8970889
2025-10-30 09:00:00,1203.0,1208.0,1101.0,1137.0,1452374.94285319,1679477533.7565355
2025-10-31 09:00:00,1137.0,1150.0,1119.0,1135.0,560560.17070187,636745248.9735212
2025-11-01 09:00:00,1135.0,1163.0,1115.0,1156.0,532011.84221737,605970123.9545625
2025-11-02 09:00:00,1155.0,1167.0,1141.0,1152.0,326478.25024476,376151574.5107689
2025-11-03 09:00:00,1152.0,1153.0,1020.0,1034.0,1445033.64711892,1562003790.7311065
2025-11-04 09:00:00,1034.0,1060.0,939.0,985.0,2208631.86426331,2182457243.578826
2025-11-05 09:00:00,980.0,1016.0,915.0,1002.0,1560144.84825561,1489414792.0741563
2025-11-06 09:00:00,1001.0,1023.0,956.0,980.0,1199653.74885502,1185347063.7463226
2025-11-07 09:00:00,983.0,1081.0,976.0,1050.0,954739.85148904,978710585.7890322
2025-11-08 09:00:00,1050.0,1203.0,1003.0,1075.0,5579753.96259849,6158564332.361111
2025-11-09 09:00:00,1076.0,1144.0,1050.0,1080.0,4880730.08327146,5347446349.615377
2025-11-10 09:00:00,1083.0,1128.0,1070.0,1100.0,1474024.27141763,1607425574.2646124
2025-11-11 09:00:00,1101.0,1136.0,1083.0,1097.0,1969204.04816075,2183119072.7364116
2025-11-12 09:00:00,1097.0,1163.0,1093.0,1116.0,2433966.55818255,2746587006.6710906
2025-11-13 09:00:00,1116.0,1120.0,1033.0,1050.0,1025186.89983124,1110126209.0814102
2025-11-14 09:00:00,1054.0,1134.0,968.0,999.0,2298743.35178969,2354057437.2652273
2025-11-15 09:00:00,997.0,1022.0,990.0,998.0,336553.07563599,338569040.3349073
2025-11-16 09:00:00,998.0,1007.0,953.0,976.0,780505.01042258,766369932.7800934
2025-11-17 09:00:00,976.0,988.0,951.0,953.0,651342.19167209,633255377.4533111
2025-11-18 09:00:00,953.0,970.0,922.0,961.0,751275.1500875,706233919.1702031
2025-11-19 09:00:00,962.0,962.0,897.0,930.0,800861.17175742,740096467.7934558
2025-11-20 09:00:00,930.0,961.0,903.0,939.0,1142322.65085023,1065712495.1757554
2025-11-21 09:00:00,940.0,994.0,890.0,919.0,5795024.72147491,5414983501.340056
2025-11-22 09:00:00,918.0,1091.0,900.0,972.0,17017411.04086423,16953806532.570335
2025-11-23 09:00:00,972.0,1004.0,948.0,973.0,3772007.11358438,3678183333.4305744
2025-11-24 09:00:00,973.0,1185.0,951.0,1093.0,48171169.66868121,52500049118.3396
2025-11-25 09:00:00,1093.0,1384.0,1061.0,1273.0,107956609.85879518,136546676240.67747
2025-11-26 09:00:00,1270.0,1334.0,1122.0,1158.0,23222293.26328633,28314131694.08906
2025-11-27 09:00:00,1158.0,1158.0,1081.0,1096.0,8295680.25224549,9158290002.19284
2025-11-28 09:00:00,1100.0,1319.0,1088.0,1158.0,24530590.30796502,29266457247.8211
2025-11-29 09:00:00,1158.0,1194.0,1124.0,1144.0,4832201.10051194,5610367847.867165
2025-11-30 09:00:00,1143.0,1262.0,1123.0,1182.0,10422843.53461645,12455662789.562813
2025-12-01 09:00:00,1182.0,1258.0,1079.0,1128.0,13070179.38212056,15179421308.401241
2025-12-02 09:00:00,1126.0,1164.0,1091.0,1136.0,4025009.13941245,4537043922.035532
2025-12-03 09:00:00,1137.0,1216.0,1113.0,1146.0,7967763.54402038,9301623225.741806
2025-12-04 09:00:00,1144.0,1146.0,1081.0,1086.0,2677053.82124844,2974484168.0629325
2025-12-05 09:00:00,1090.0,1149.0,1040.0,1050.0,4207996.7644714,4626986231.155001
2025-12-06 09:00:00,1050.0,1073.0,1010.0,1046.0,1583147.16389506,1635878024.4746828
2025-12-07 09:00:00,1046.0,1227.0,1038.0,1130.0,39564630.89271577,45494949920.229576
2025-12-08 09:00:00,1131.0,1199.0,1107.0,1127.0,16812559.8753828,19350785301.46699
2025-12-09 09:00:00,1126.0,1153.0,1089.0,1132.0,7320030.42147146,8206293247.521758
2025-12-10 09:00:00,1129.0,1130.0,1090.0,1094.0,2499351.95886818,2771338413.635502
2025-12-11 09:00:00,1094.0,1134.0,1082.0,1105.0,4173827.96782824,4616333166.921127
2025-12-12 09:00:00,1105.0,1122.0,1060.0,1069.0,2027499.85810787,2214267677.044244
2025-12-13 09:00:00,1069.0,1080.0,1047.0,1070.0,1042794.05590459,1105343355.6674504
2025-12-14 09:00:00,1068.0,1070.0,1017.0,1031.0,1350794.17184048,1409202138.475133
2025-12-15 09:00:00,1028.0,1046.0,951.0,990.0,2323319.3931822,2319216711.1224194
2025-12-16 09:00:00,990.0,1131.0,960.0,1069.0,33485176.99612395,35779075438.19448
2025-12-17 09:00:00,1069.0,1100.0,985.0,995.0,8812905.53231548,9222504379.441101
2025-12-18 09:00:00,995.0,1009.0,957.0,976.0,3460427.47963917,3401597462.352385
2025-12-19 09:00:00,976.0,1019.0,954.0,1011.0,2834014.41152498,2816568697.4452686
2025-12-20 09:00:00,1011.0,1046.0,997.0,1015.0,3238306.15565305,3316388744.1984973
2025-12-21 09:00:00,1015.0,1041.0,990.0,1004.0,2046151.89225782,2076681483.51392
2025-12-22 09:00:00,1003.0,1016.0,988.0,997.0,1238154.38963993,1240585529.263297
2025-12-23 09:00:00,998.0,1047.0,979.0,1008.0,4213906.9265775,4259131299.2388673
2025-12-24 09:00:00,1006.0,1006.0,983.0,998.0,1257905.07989933,1249635256.7607043
2025-12-25 09:00:00,997.0,1007.0,960.0,968.0,1609907.40146476,1590393668.5841892
2025-12-26 09:00:00,968.0,990.0,961.0,985.0,1413040.0686496,1369842468.3966758
2025-12-27 09:00:00,985.0,1029.0,980.0,1008.0,3393005.93428692,3413036853.4853377
2025-12-28 09:00:00,1008.0,1087.0,996.0,1082.0,5397035.08683638,5648749658.506936
2025-12-29 09:00:00,1081.0,1081.0,1013.0,1017.0,5249773.04798362,5441385599.081728
2025-12-30 09:00:00,1017.0,1019.0,986.0,999.0,1988092.24771622,1986719664.272247
2025-12-31 09:00:00,999.0,1062.0,990.0,1000.0,5704137.77271902,5835157897.057161
2026-01-01 09:00:00,1000.0,1007.0,991.0,1002.0,1094080.49215781,1091358002.2031493
2026-01-02 09:00:00,1004.0,1023.0,995.0,1019.0,1523770.98118777,1530897674.6845207
2026-01-03 09:00:00,1018.0,1034.0,1006.0,1022.0,1352978.50815239,1379971650.111335
2026-01-04 09:00:00,1022.0,1035.0,1021.0,1025.0,1165724.58231321,1196597468.3407414
2026-01-05 09:00:00,1025.0,1042.0,1018.0,1038.0,2018364.80741973,2075328949.815519
2026-01-06 09:00:00,1037.0,1049.0,1020.0,1042.0,1566514.8435033,1625107821.518159
2026-01-07 09:00:00,1042.0,1091.0,1031.0,1045.0,4327252.63509836,4553352248.200823
2026-01-08 09:00:00,1043.0,1063.0,1014.0,1033.0,1735222.36827546,1799821783.3221176
2026-01-09 09:00:00,1035.0,1035.0,1003.0,1021.0,1356223.71536293,1382601606.009698
2026-01-10 09:00:00,1019.0,1050.0,1016.0,1032.0,1390703.64164344,1435279308.0521293
2026-01-11 09:00:00,1031.0,1031.0,999.0,1006.0,1340623.47121482,1359509625.1916986
2026-01-12 09:00:00,1006.0,1019.0,982.0,991.0,1713135.92995829,1709759315.739506
2026-01-13 09:00:00,991.0,1032.0,986.0,1020.0,5198561.19847077,5239744648.693714
2026-01-14 09:00:00,1019.0,1023.0,1002.0,1017.0,1765790.05478033,1793162613.046531
2026-01-15 09:00:00,1015.0,1017.0,990.0,997.0,1795790.90235866,1795997293.3290145
2026-01-16 09:00:00,996.0,1002.0,983.0,1001.0,1109783.73186133,1098700319.3347695
2026-01-17 09:00:00,1000.0,1009.0,994.0,1001.0,1108439.79610016,1110044574.8111765
2026-01-18 09:00:00,1000.0,1001.0,983.0,985.0,1215316.08815338,1208319035.8259625
2026-01-19 09:00:00,985.0,1023.0,955.0,968.0,5819870.52970607,5756221776.951399
2026-01-20 09:00:00,968.0,1052.0,966.0,987.0,14046121.41323401,14118322548.574688
2026-01-21 09:00:00,982.0,989.0,953.0,977.0,3411221.84366988,3310031963.108068
2026-01-22 09:00:00,975.0,1003.0,961.0,993.0,3448194.28939428,3373465338.4789376
2026-01-23 09:00:00,994.0,1022.0,983.0,992.0,4069897.56370479,4059052710.7505
2026-01-24 09:00:00,992.0,1006.0,982.0,984.0,2056598.57701247,2035344371.0958376
2026-01-25 09:00:00,984.0,984.0,938.0,944.0,2936807.0507803,2826125263.1886115
2026-01-26 09:00:00,944.0,1012.0,940.0,962.0,6986502.93640445,6800455443.856573
2026-01-27 09:00:00,959.0,964.0,940.0,951.0,1294665.91177032,1228713477.775305
2026-01-28 09:00:00,951.0,952.0,939.0,942.0,777977.33282726,734336463.9609433
2026-01-29 09:00:00,942.0,944.0,887.0,903.0,2032567.37935602,1852603443.7924097
2026-01-30 09:00:00,901.0,907.0,852.0,887.0,2093468.16950061,1832552032.9306169
2026-01-31 09:00:00,887.0,891.0,777.0,819.0,2304887.84055057,1951362044.978347
2026-02-01 09:00:00,819.0,835.0,775.0,786.0,2606125.52451886,2103670249.8064816
2026-02-02 09:00:00,786.0,896.0,765.0,831.0,8297481.39117055,6857742789.735339
2026-02-03 09:00:00,831.0,973.0,804.0,860.0,25294291.1277529,22763232178.003323
2026-02-04 09:00:00,860.0,975.0,842.0,867.0,17992884.67928597,16266983706.129263
2026-02-05 09:00:00,867.0,867.0,698.0,708.0,6579579.90575543,5178549723.668955
2026-02-06 09:00:00,708.0,775.0,634.0,761.0,4572524.17453019,3255049371.407116
2026-02-07 09:00:00,761.0,762.0,717.0,748.0,2168612.182033,1611758138.797612
2026-02-08 09:00:00,747.0,799.0,740.0,750.0,3599793.74841235,2746286398.6906414
2026-02-09 09:00:00,751.0,755.0,710.0,732.0,1737513.28907394,1267363055.3236437
2026-02-10 09:00:00,733.0,743.0,705.0,711.0,1271449.1792652,911531372.452481
2026-02-11 09:00:00,711.0,711.0,674.0,685.0,1732157.20253297,1200979247.7817035
2026-02-12 09:00:00,686.0,712.0,682.0,700.0,1596711.37619259,1112630856.5431166
2026-02-13 09:00:00,699.0,726.0,687.0,714.0,1872758.17160424,1327839400.0441992
2026-02-14 09:00:00,714.0,825.0,708.0,756.0,15592213.03031091,12011207423.822548
2026-02-15 09:00:00,757.0,915.0,753.0,811.0,57891831.37293219,48465880480.63451
2026-02-16 09:00:00,810.0,915.0,791.0,837.0,48093197.3097595,41275740520.30343
2026-02-17 09:00:00,834.0,867.0,777.0,788.0,8180004.27809072,6667067447.883426
2026-02-18 09:00:00,788.0,791.0,728.0,728.0,4063275.17986021,3092024845.145828
2026-02-19 09:00:00,728.0,785.0,724.0,749.0,7745124.38132766,5777920498.14048
2026-02-20 09:00:00,748.0,749.0,717.0,738.0,2802975.0783739,2049229432.2919912
2026-02-21 09:00:00,738.0,739.0,728.0,730.0,1059212.79648042,776308389.715487
2026-02-22 09:00:00,730.0,730.0,701.0,714.0,1179393.17256881,841349793.755878
2026-02-23 09:00:00,714.0,726.0,678.0,682.0,1972520.24881612,1363900657.3140047
2026-02-24 09:00:00,684.0,688.0,656.0,672.0,1486807.64975642,996230401.716412
2026-02-25 09:00:00,672.0,710.0,667.0,691.0,2266957.17106216,1555470689.549604
2026-02-26 09:00:00,694.0,749.0,690.0,710.0,12308918.57868992,8865925792.090445
2026-02-27 09:00:00,710.0,715.0,695.0,703.0,2015177.33712589,1415012166.1626182
2026-02-28 09:00:00,702.0,705.0,663.0,697.0,2369283.89918134,1617516408.6013615
2026-03-01 09:00:00,699.0,715.0,681.0,693.0,1277358.51758174,888586457.0599849
2026-03-02 09:00:00,692.0,702.0,677.0,691.0,2283555.22033732,1570869882.301916
2026-03-03 09:00:00,691.0,697.0,670.0,678.0,1494858.67710241,1016475931.6466583
2026-03-04 09:00:00,677.0,691.0,664.0,682.0,1842520.77089355,1246706873.5698805
2026-03-05 09:00:00,682.0,690.0,672.0,678.0,1062979.25421056,722478404.3025467
2026-03-06 09:00:00,678.0,700.0,671.0,679.0,2305532.59122732,1582269295.3099563
2026-03-07 09:00:00,679.0,724.0,674.0,678.0,4811483.97156411,3348366464.9023824
2026-03-08 09:00:00,678.0,680.0,659.0,662.0,1155578.60487886,772855190.078035
2026-03-09 09:00:00,660.0,678.0,659.0,667.0,848823.63611281,564857363.4150887
2026-03-10 09:00:00,667.0,678.0,663.0,675.0,1210427.94711644,813407442.6018758
2026-03-11 09:00:00,675.0,677.0,665.0,672.0,895042.9595041,599947986.5293764
2026-03-12 09:00:00,672.0,676.0,666.0,672.0,694829.43439587,465169897.42787945
2026-03-13 09:00:00,673.0,681.0,670.0,678.0,1154127.9977127,779119954.1980062
2026-03-14 09:00:00,677.0,678.0,669.0,673.0,500513.06482413,336996060.0809324
2026-03-15 09:00:00,673.0,703.0,671.0,684.0,4357065.85325201,2994700629.7143254
2026-03-16 09:00:00,684.0,702.0,680.0,700.0,2416141.06149051,1664498683.095213
2026-03-17 09:00:00,701.0,730.0,693.0,707.0,3263479.47169647,2312867237.115419
2026-03-18 09:00:00,707.0,713.0,672.0,682.0,1546941.42620433,1072782423.6704624
2026-03-19 09:00:00,681.0,687.0,671.0,680.0,606490.73828559,410907823.2867712
2026-03-20 09:00:00,678.0,688.0,676.0,683.0,521312.82833487,354966075.1917252
2026-03-21 09:00:00,683.0,684.0,666.0,672.0,439180.1769316,297493227.23747253
2026-03-22 09:00:00,672.0,674.0,658.0,662.0,678795.36594017,451446890.59095955
2026-03-23 09:00:00,661.0,670.0,650.0,667.0,935577.70353877,615906492.8669345
2026-03-24 09:00:00,666.0,672.0,661.0,668.0,885607.93627306,591079520.4782201
2026-03-25 09:00:00,668.0,673.0,666.0,670.0,506206.68421078,339131214.8417632
2026-03-26 09:00:00,670.0,672.0,648.0,654.0,914241.25863553,602172557.2350979
2026-03-27 09:00:00,654.0,670.0,641.0,648.0,865132.23974297,565167487.355412
2026-03-28 09:00:00,648.0,665.0,637.0,645.0,1234510.01533415,802094225.4910465
2026-03-29 09:00:00,644.0,668.0,612.0,626.0,1987372.89359586,1284022537.311079
2026-03-30 09:00:00,627.0,641.0,620.0,626.0,764614.73300673,482336138.9207417
2026-03-31 09:00:00,623.0,640.0,615.0,627.0,1431979.01936043,894891597.2977941
2026-04-01 09:00:00,624.0,632.0,616.0,628.0,899179.64384366,560903084.2430499
2026-04-02 09:00:00,628.0,632.0,605.0,612.0,925268.46444244,571315164.1975998
2026-04-03 09:00:00,613.0,620.0,605.0,617.0,782139.49858867,479179736.19057447
2026-04-04 09:00:00,617.0,657.0,612.0,624.0,2418153.12456526,1528052662.2029483
2026-04-05 09:00:00,621.0,624.0,608.0,616.0,629204.06233751,387661992.58889884
2026-04-06 09:00:00,615.0,621.0,611.0,616.0,1068313.58225132,657862373.4156088
2026-04-07 09:00:00,614.0,625.0,609.0,624.0,901850.06068574,554039664.9315485
2026-04-08 09:00:00,623.0,624.0,612.0,618.0,903438.71945078,558794854.7662965
2026-04-09 09:00:00,618.0,624.0,608.0,619.0,820875.07534885,503329564.3074073
2026-04-10 09:00:00,619.0,646.0,611.0,626.0,2259479.70221632,1414976805.6275764
2026-04-11 09:00:00,627.0,628.0,619.0,621.0,611003.63982854,380593501.062308
2026-04-12 09:00:00,622.0,622.0,605.0,607.0,1100249.59157139,671965316.0074828
2026-04-13 09:00:00,607.0,617.0,598.0,617.0,1178411.8469615,714057273.4337196
2026-04-14 09:00:00,615.0,616.0,602.0,608.0,988114.50749475,602895238.735086
2026-04-15 09:00:00,608.0,614.0,600.0,612.0,682991.51759012,414716757.9508491
2026-04-16 09:00:00,612.0,630.0,608.0,624.0,1539711.68111583,949147935.709625
2026-04-17 09:00:00,624.0,633.0,615.0,627.0,1503651.13091254,938991923.6948471
2026-04-18 09:00:00,628.0,711.0,627.0,658.0,32509745.59843419,21653984028.75394
2026-04-19 09:00:00,659.0,690.0,622.0,631.0,10921371.34564925,7177782986.531721
2026-04-20 09:00:00,629.0,637.0,611.0,623.0,2395972.39923193,1487795465.2134655
2026-04-21 09:00:00,624.0,624.0,613.0,618.0,1259063.05866754,777985676.2879779
2026-04-22 09:00:00,618.0,654.0,614.0,632.0,5178380.15371592,3301615656.75599
2026-04-23 09:00:00,633.0,633.0,611.0,628.0,2077762.82415389,1290792108.3785558
2026-04-24 09:00:00,628.0,636.0,624.0,628.0,1342035.31741203,843680213.294951
2026-04-25 09:00:00,628.0,633.0,618.0,623.0,2282137.17933264,1423842385.5706756
2026-04-26 09:00:00,623.0,628.0,618.0,623.0,1010879.27292808,628884792.5665162
2026-04-27 09:00:00,623.0,628.0,608.0,615.0,1911843.54050982,1180904803.6669774
2026-04-28 09:00:00,614.0,616.0,607.0,613.0,713697.57257507,436270281.0536069
2026-04-29 09:00:00,614.0,617.0,603.0,610.0,892399.08232532,544268928.7552775
2026-04-30 09:00:00,610.0,611.0,603.0,606.0,656080.25432864,396974453.434256
2026-05-01 09:00:00,604.0,609.0,603.0,607.0,448972.01210138,271901426.53047293
2026-05-02 09:00:00,606.0,610.0,603.0,610.0,396502.80238769,240309944.46637028
2026-05-03 09:00:00,610.0,610.0,604.0,605.0,418024.49362222,253433707.92356798
2026-05-04 09:00:00,604.0,613.0,603.0,607.0,987762.09606431,600397215.5786345
2026-05-05 09:00:00,608.0,622.0,607.0,620.0,1012197.45070359,623141617.6168303
2026-05-06 09:00:00,619.0,621.0,611.0,615.0,1078882.59308901,665059399.3649892
2026-05-07 09:00:00,615.0,628.0,608.0,619.0,966297.94609115,593516331.9374708
2026-05-08 09:00:00,618.0,631.0,612.0,631.0,994787.33721037,618509553.8456869
2026-05-09 09:00:00,630.0,636.0,625.0,631.0,987523.75410233,622735906.1852517
2026-05-10 09:00:00,631.0,655.0,621.0,642.0,2068165.65403167,1316233865.036608
2026-05-11 09:00:00,643.0,643.0,630.0,638.0,1167124.53957585,742884155.9455479
2026-05-12 09:00:00,638.0,640.0,616.0,625.0,1302784.60192394,818767907.5128603
2026-05-13 09:00:00,627.0,631.0,607.0,612.0,1396865.02637091,864572967.1338284
2026-05-14 09:00:00,613.0,618.0,605.0,609.0,1301198.10180791,794540343.8084575
2026-05-15 09:00:00,609.0,619.0,594.0,612.0,1981261.65539668,1201337857.43023
2026-05-16 09:00:00,612.0,612.0,596.0,604.0,1052084.80414703,633916463.0532086
2026-05-17 09:00:00,604.0,606.0,571.0,584.0,1150862.83879893,680729509.6312119
2026-05-18 09:00:00,584.0,586.0,558.0,573.0,2381402.13850103,1359411314.06519
2026-05-19 09:00:00,573.0,576.0,559.0,562.0,1060706.84916313,600644836.9480385
2026-05-20 09:00:00,562.0,578.0,555.0,568.0,960683.30008151,541580252.352821
2026-05-21 09:00:00,570.0,577.0,561.0,571.0,563683.97625189,321005836.114291
2026-05-22 09:00:00,573.0,579.0,566.0,568.0,987621.03876598,565992940.1590915
2026-05-23 09:00:00,569.0,605.0,556.0,575.0,6494779.41974754,3785240383.064143
2026-05-24 09:00:00,575.0,675.0,571.0,621.0,47194442.26429412,29275618179.80837
2026-05-25 09:00:00,619.0,634.0,586.0,588.0,10435633.434779,6315797229.879519
2026-05-26 09:00:00,588.0,589.0,558.0,560.0,3982133.48658171,2262850019.806397
2026-05-27 09:00:00,560.0,563.0,535.0,537.0,2346041.94651433,1286364950.5333693
2026-05-28 09:00:00,537.0,542.0,500.0,510.0,2382230.08630159,1227929570.7165685
2026-05-29 09:00:00,510.0,526.0,503.0,519.0,1411462.36153414,725900304.2809149
2026-05-30 09:00:00,520.0,527.0,518.0,518.0,769471.72257193,401331689.4464815
2026-05-31 09:00:00,519.0,546.0,509.0,521.0,1560899.50311542,819647662.6497116
2026-06-01 09:00:00,521.0,524.0,499.0,505.0,1503971.78843526,764840849.3368386
2026-06-02 09:00:00,506.0,507.0,462.0,466.0,2108777.14872359,1017976317.9931929
2026-06-03 09:00:00,465.0,473.0,451.0,456.0,1352573.03354451,627188831.7485796
2026-06-04 09:00:00,456.0,458.0,413.0,430.0,1904975.10114547,830935361.8327391
2026-06-05 09:00:00,430.0,430.0,385.0,398.0,2251266.48475484,912355667.9439609
2026-06-06 09:00:00,398.0,407.0,373.0,396.0,1228160.21390817,481298397.2795689
2026-06-07 09:00:00,397.0,420.0,396.0,404.0,807744.31872638,326038711.8372147
2026-06-08 09:00:00,404.0,406.0,390.0,400.0,813869.27259106,323148119.805516
2026-06-09 09:00:00,400.0,400.0,371.0,376.0,1649172.17503666,630801999.0506439
2026-06-10 09:00:00,376.0,410.0,367.0,376.0,4597747.73865329,1768311960.865369
2026-06-11 09:00:00,375.0,392.0,374.0,386.0,1147400.83811475,440851846.44511336
2026-06-12 09:00:00,388.0,520.0,382.0,450.0,86444029.1641211,40914377613.25861
2026-06-13 09:00:00,448.0,470.0,416.0,422.0,16854687.17010811,7323845679.864699
2026-06-14 09:00:00,422.0,423.0,397.0,410.0,4930612.39633926,2011690896.9915206
2026-06-15 09:00:00,411.0,423.0,401.0,406.0,3348097.97833988,1367835522.7298062
2026-06-16 09:00:00,406.0,482.0,406.0,446.0,43425127.19079531,19600544245.003532
2026-06-17 09:00:00,446.0,474.0,418.0,428.0,11271279.00115892,4947390400.333933
2026-06-18 09:00:00,428.0,428.0,405.0,411.0,1983903.52915613,824006413.714919
2026-06-19 09:00:00,411.0,482.0,401.0,434.0,25645785.25879675,11388712669.70187
2026-06-20 09:00:00,433.0,433.0,414.0,421.0,3520976.9676243,1482614393.2449808
2026-06-21 09:00:00,422.0,522.0,422.0,459.0,79654936.86693412,37720252789.96838
2026-06-22 09:00:00,460.0,474.0,425.0,442.0,18557620.455046,8257631492.504353
2026-06-23 09:00:00,441.0,442.0,411.0,423.0,5080744.19157237,2148380997.2269917
2026-06-24 09:00:00,424.0,432.0,400.0,414.0,2731462.32465203,1134479785.8383975
2026-06-25 09:00:00,414.0,416.0,385.0,399.0,2758745.02002342,1103864474.3692513
2026-06-26 09:00:00,399.0,415.0,383.0,408.0,2713399.94599099,1070946599.3168972
2026-06-27 09:00:00,408.0,411.0,397.0,400.0,1979061.59545881,799943344.7593018
2026-06-28 09:00:00,402.0,429.0,396.0,399.0,6297389.92114938,2594531298.3680334
2026-06-29 09:00:00,398.0,405.0,391.0,400.0,1771212.4389192,705046237.7391791
2026-06-30 09:00:00,400.0,429.0,388.0,399.0,7081470.5518614,2886175466.2794886
2026-07-01 09:00:00,397.0,406.0,388.0,401.0,1955554.60347153,774063179.5375134
2026-07-02 09:00:00,401.0,408.0,395.0,404.0,1456330.36760394,586576568.446164
2026-07-03 09:00:00,404.0,411.0,401.0,410.0,1488590.98690449,602588720.386455
2026-07-04 09:00:00,410.0,419.0,406.0,409.0,1774590.26464506,728822427.3376534
2026-07-05 09:00:00,409.0,411.0,400.0,405.0,1410428.54226121,570500282.0377175
2026-07-06 09:00:00,405.0,407.0,390.0,401.0,2190434.10015525,876324249.2588636
2026-07-07 09:00:00,399.0,403.0,392.0,394.0,1138164.45011508,450291029.41582227
2026-07-08 09:00:00,394.0,406.0,380.0,386.0,3809895.00649929,1491109481.943346
2026-07-09 09:00:00,385.0,407.0,382.0,392.0,7468332.25968431,2937432608.8162746
2026-07-10 09:00:00,392.0,402.0,388.0,397.0,2094686.56438883,826763913.3970106
2026-07-11 09:00:00,397.0,401.0,392.0,395.0,1124594.60623377,445159074.7905859
2026-07-12 09:00:00,394.0,397.0,385.0,386.0,1073276.72887869,420058337.30920273
2026-07-13 09:00:00,386.0,400.0,377.0,382.0,2275423.59272044,874167165.3578602
2026-07-14 09:00:00,382.0,386.0,372.0,380.0,1183506.95678219,446250614.64748585
2026-07-15 09:00:00,380.0,384.0,370.0,375.0,1273285.71819963,479509653.67322016
2026-07-16 09:00:00,375.0,383.0,371.0,373.0,1482397.85820025,554603062.9439536
2026-07-17 09:00:00,373.0,378.0,368.0,373.0,904040.8018065,335645749.5394586
2026-07-18 09:00:00,375.0,390.0,370.0,377.0,5292479.2081875,2006384578.0793104
2026-07-19 09:00:00,377.0,380.0,370.0,371.0,1106354.80625143,414006104.92657006
2026-07-20 09:00:00,370.0,374.0,360.0,366.0,1619439.3547197,592598113.9246666
2026-07-21 09:00:00,367.0,372.0,365.0,370.0,631961.95007227,233315847.2018043
2026-07-22 09:00:00,369.0,372.0,364.0,368.0,504829.72357678,185551222.2875371
2026-07-23 09:00:00,366.0,369.0,363.0,367.0,668615.37156142,244339590.05634654
2026-07-24 09:00:00,366.0,366.0,360.0,363.0,722031.6216472,262031605.83796412
2026-07-25 09:00:00,361.0,367.0,358.0,367.0,522764.1419212,188789196.33449018
2026-07-26 09:00:00,366.0,366.0,361.0,362.0,474904.67988926,172149891.85199946
2026-07-27 09:00:00,363.0,363.0,329.0,331.0,1763572.83742758,611260340.5091171
2026-07-28 09:00:00,331.0,334.0,322.0,328.0,1472067.06405728,480634689.0909342
2026-07-29 09:00:00,329.0,329.0,307.0,309.0,1193783.92119762,377055116.20718575
2026-07-30 09:00:00,308.0,319.0,305.0,314.0,732698.31285167,229280467.60914543
2026-07-31 09:00:00,312.0,318.0,308.0,313.0,495736.67690887,155469109.98873606
2026-08-01 09:00:00,313.0,316.0,309.0,311.0,523972.71942565,163926900.0994478
2026-08-02 09:00:00,311.0,317.0,310.0,315.0,603141.96966673,189788274.0455628
2026-08-03 09:00:00,315.0,329.0,300.0,307.0,3243281.45726061,1013464281.5309061
2026-08-04 09:00:00,308.0,309.0,301.0,301.0,999067.72959474,303831093.7211552
2026-08-05 09:00:00,302.0,303.0,293.0,295.0,1287838.63703092,382515806.87795734
2026-08-06 09:00:00,295.0,300.0,293.0,297.0,1428713.46862897,424721164.9472231
2026-08-07 09:00:00,297.0,298.0,290.0,292.0,882182.42372713,259578802.01391193
2026-08-08 09:00:00,292.0,295.0,291.0,292.0,594570.79899372,174048126.13518402
2026-08-09 09:00:00,293.0,296.0,286.0,288.0,922696.94428386,267163232.99647033
2026-08-10 09:00:00,287.0,290.0,284.0,285.0,1377270.82429062,394988963.9845166
2026-08-11 09:00:00,285.0,285.0,275.0,280.0,1314637.09509298,369404720.6668872
2026-08-12 09:00:00,280.0,284.0,277.0,278.0,1015401.9098607,284293421.67874765
2026-08-13 09:00:00,278.0,282.0,274.0,280.0,827430.45588552,229686730.15479422
2026-08-14 09:00:00,279.0,279.0,269.0,275.0,755403.91649617,206962095.5424914
2026-08-15 09:00:00,275.0,276.0,271.0,276.0,426261.91498475,116720702.4710369
2026-08-16 09:00:00,276.0,276.0,272.0,273.0,392897.66934177,107834731.54991104
2026-08-17 09:00:00,273.0,276.0,268.0,270.0,639787.4422368,174679488.3530065
2026-08-18 09:00:00,269.0,269.0,255.0,261.0,1201550.18090275,314503062.7616668
2026-08-19 09:00:00,261.0,276.0,258.0,273.0,1356132.40055731,362179830.2544475
2026-08-20 09:00:00,272.0,285.0,271.0,285.0,1392061.77485154,388363917.32380694
2026-08-21 09:00:00,285.0,313.0,283.0,311.0,2401385.23215865,717741662.5798345
2026-08-22 09:00:00,311.0,334.0,270.0,298.0,4054695.7544825,1256543640.603586
2026-08-23 09:00:00,298.0,359.0,298.0,316.0,42229758.55290975,13868322030.822613
